{
    "user-waves": {
        "My Face": [
            0.61,
            0.87,
            0.89,
            0.06,
            -0.17,
            0.06,
            -0.19,
            0.2,
            -0.14,
            0.1,
            -0.18,
            0.23,
            -0.07,
            0.35,
            0,
            0,
            0,
            0,
            0,
            0
        ],
        "High Ten": [
            0.0,
            0.0,
            -0.56,
            -0.51,
            -0.4,
            -0.43,
            -0.96,
            -0.8,
            0.56,
            -0.79,
            -0.57,
            0.59,
            -0.78,
            1.0,
            -0.52,
            0.0,
            0.0,
            0.0,
            0.0,
            0.0
        ],
        "RIPEARS": [
            0.0,
            0.0,
            -0.56,
            -0.51,
            -0.4,
            -0.43,
            -0.96,
            -1.0,
            -0.98,
            -1.0,
            -1.0,
            -1.0,
            0.0,
            0.0,
            0.0,
            0.0,
            0.0,
            0.0,
            0.0,
            0.0
        ],
        "squareepicness": [
            0.0,
            0.3333333333333333,
            -0.72,
            -1.0,
            -0.67,
            -0.51,
            -0.7,
            -0.89,
            -0.81,
            0.0909090909090909,
            0.0,
            0.0769230769,
            0.0,
            0.0666666666666666,
            0.0,
            0.0588235294118,
            0.0,
            0.0526315789474,
            0.0,
            0.047619047619
        ],
        "Example Wave": [
            -1.0,
            -0.23,
            -0.14,
            -0.28,
            -0.2,
            0.02,
            -0.06,
            0.0,
            0.0,
            0.0,
            0.0,
            0.0,
            0.0,
            0.0,
            0.0,
            0.0,
            0.0,
            0.0,
            0.0,
            0.0
        ]
    }
}